{
    "name": "Comfy AIUGC",
    "og:title": "Comfy AIUGC | turn Comfyui workflow into an APP",
    "og:description": "",
    "author": "aiugc.org",
    "tagline": "turn Comfyui workflow into an APP ",
    "description": "From your comfyui workflow to production ready API, flexibility at the speed of thought",
    "pricingPlan": [
        {
            "name": "Free",
            "description": "Free",
            "prices": [
                {
                    "price": 0,
                    "currency": "usd",
                    "pricingType": "month",
                    "paymentLink": "",
                    "paymentLink_Prod": ""
                }
            ]
        }
    ]
}