{
  "version": "5",
  "dialect": "pg",
  "entries": [
    {
      "idx": 0,
      "version": "5",
      "when": 1702033790765,
      "tag": "0000_quiet_ulik",
      "breakpoints": true
    },
    {
      "idx": 1,
      "version": "5",
      "when": 1702034015507,
      "tag": "0001_silly_arachne",
      "breakpoints": true
    },
    {
      "idx": 2,
      "version": "5",
      "when": 1702044546478,
      "tag": "0002_clean_khan",
      "breakpoints": true
    },
    {
      "idx": 3,
      "version": "5",
      "when": 1702212969930,
      "tag": "0003_oval_mockingbird",
      "breakpoints": true
    },
    {
      "idx": 4,
      "version": "5",
      "when": 1702357291227,
      "tag": "0004_zippy_freak",
      "breakpoints": true
    },
    {
      "idx": 5,
      "version": "5",
      "when": 1702545286004,
      "tag": "0005_worthless_dakota_north",
      "breakpoints": true
    },
    {
      "idx": 6,
      "version": "5",
      "when": 1702556119574,
      "tag": "0006_chief_mariko_yashida",
      "breakpoints": true
    },
    {
      "idx": 7,
      "version": "5",
      "when": 1702609665746,
      "tag": "0007_thin_greymalkin",
      "breakpoints": true
    },
    {
      "idx": 8,
      "version": "5",
      "when": 1702615888467,
      "tag": "0008_futuristic_adam_destine",
      "breakpoints": true
    },
    {
      "idx": 9,
      "version": "5",
      "when": 1702632471725,
      "tag": "0009_easy_banshee",
      "breakpoints": true
    },
    {
      "idx": 10,
      "version": "5",
      "when": 1702708886828,
      "tag": "0010_organic_marten_broadcloak",
      "breakpoints": true
    },
    {
      "idx": 11,
      "version": "5",
      "when": 1702960221042,
      "tag": "0011_peaceful_william_stryker",
      "breakpoints": true
    },
    {
      "idx": 12,
      "version": "5",
      "when": 1703136669370,
      "tag": "0012_exotic_sumo",
      "breakpoints": true
    },
    {
      "idx": 13,
      "version": "5",
      "when": 1703338425429,
      "tag": "0013_stormy_starbolt",
      "breakpoints": true
    },
    {
      "idx": 14,
      "version": "5",
      "when": 1703403388113,
      "tag": "0014_short_sunfire",
      "breakpoints": true
    },
    {
      "idx": 15,
      "version": "5",
      "when": 1703409502387,
      "tag": "0015_simple_killmonger",
      "breakpoints": true
    },
    {
      "idx": 16,
      "version": "5",
      "when": 1704092053001,
      "tag": "0016_overrated_cable",
      "breakpoints": true
    },
    {
      "idx": 17,
      "version": "5",
      "when": 1704126972289,
      "tag": "0017_tiresome_zaladane",
      "breakpoints": true
    },
    {
      "idx": 18,
      "version": "5",
      "when": 1704129070951,
      "tag": "0018_remarkable_the_leader",
      "breakpoints": true
    },
    {
      "idx": 19,
      "version": "5",
      "when": 1704174903117,
      "tag": "0019_damp_stick",
      "breakpoints": true
    },
    {
      "idx": 20,
      "version": "5",
      "when": 1704350033885,
      "tag": "0020_complete_black_tom",
      "breakpoints": true
    },
    {
      "idx": 21,
      "version": "5",
      "when": 1704380757696,
      "tag": "0021_aromatic_sabra",
      "breakpoints": true
    },
    {
      "idx": 22,
      "version": "5",
      "when": 1704453649633,
      "tag": "0022_petite_bishop",
      "breakpoints": true
    },
    {
      "idx": 23,
      "version": "5",
      "when": 1704540132567,
      "tag": "0023_fair_ikaris",
      "breakpoints": true
    },
    {
      "idx": 24,
      "version": "5",
      "when": 1704632758591,
      "tag": "0024_smiling_triton",
      "breakpoints": true
    },
    {
      "idx": 25,
      "version": "5",
      "when": 1704640269305,
      "tag": "0025_hard_jean_grey",
      "breakpoints": true
    },
    {
      "idx": 26,
      "version": "5",
      "when": 1704979846175,
      "tag": "0026_premium_rocket_raccoon",
      "breakpoints": true
    },
    {
      "idx": 27,
      "version": "5",
      "when": 1705228261543,
      "tag": "0027_eminent_lilith",
      "breakpoints": true
    },
    {
      "idx": 28,
      "version": "5",
      "when": 1705642345817,
      "tag": "0028_futuristic_lady_deathstrike",
      "breakpoints": true
    },
    {
      "idx": 29,
      "version": "5",
      "when": 1705662714161,
      "tag": "0029_large_frightful_four",
      "breakpoints": true
    },
    {
      "idx": 30,
      "version": "5",
      "when": 1705716303820,
      "tag": "0030_kind_doorman",
      "breakpoints": true
    },
    {
      "idx": 31,
      "version": "5",
      "when": 1705763980972,
      "tag": "0031_fast_lyja",
      "breakpoints": true
    },
    {
      "idx": 32,
      "version": "5",
      "when": 1705806921697,
      "tag": "0032_shallow_vermin",
      "breakpoints": true
    },
    {
      "idx": 33,
      "version": "5",
      "when": 1705853314500,
      "tag": "0033_awesome_human_fly",
      "breakpoints": true
    },
    {
      "idx": 34,
      "version": "5",
      "when": 1705902960991,
      "tag": "0034_even_lady_ursula",
      "breakpoints": true
    }
  ]
}